<?xml version="1.0" encoding="UTF-8"?>
<project-private xmlns="http://www.netbeans.org/ns/project-private/1">
    <editor-bookmarks xmlns="http://www.netbeans.org/ns/editor-bookmarks/2" lastBookmarkId="0"/>
    <open-files xmlns="http://www.netbeans.org/ns/projectui-open-files/2">
        <group>
            <file>file:/E:/Tugas%20Perkuliahan/Semester%203/Pemrogaman%20Berorientasi%20Objek/PBO/InventarisBarang/src/Model/InventarisBarang.java</file>
            <file>file:/E:/Tugas%20Perkuliahan/Semester%203/Pemrogaman%20Berorientasi%20Objek/PBO/InventarisBarang/src/Controller/ControllerMasuk.java</file>
            <file>file:/E:/Tugas%20Perkuliahan/Semester%203/Pemrogaman%20Berorientasi%20Objek/PBO/InventarisBarang/src/View/MasukBarang.java</file>
            <file>file:/E:/Tugas%20Perkuliahan/Semester%203/Pemrogaman%20Berorientasi%20Objek/PBO/InventarisBarang/src/Database/Database.java</file>
        </group>
    </open-files>
</project-private>
